{"carrier": {"class_counts": [["0", 69], ["1", 19], ["3", 7], ["2", 5]], "avg_precision": 0.1725, "avg_recall": 0.25, "avg_f1": 0.20414201183431951, "avg_accuracy": 0.69, "weighted_precision": 0.47609999999999997, "weighted_recall": 0.69, "weighted_f1": 0.5634319526627218, "weighted_accuracy": 0.69, "class_precision": [0.69, 0.0, 0.0, 0.0], "class_recall": [1.0, 0.0, 0.0, 0.0], "class_f1": [0.8165680473372781, 0.0, 0.0, 0.0], "class_accuracy": 0.69, "num_classes": 4, "num_applicable_rows": 100, "confusion_matrix": [["0", [["0", 69]]], ["1", [["0", 19]]], ["3", [["0", 7]]], ["2", [["0", 5]]]], "precision_recall_curves": {"0": {"precision": [0.7040816326530612, 0.7010309278350515, 0.6979166666666666, 0.7052631578947368, 0.7021276595744681, 0.6989247311827957, 0.7065217391304348, 0.7142857142857143, 0.7111111111111111, 0.7078651685393258, 0.7045454545454546, 0.7011494252873564, 0.6976744186046512, 0.6941176470588235, 0.7023809523809523, 0.6987951807228916, 0.6951219512195121, 0.7037037037037037, 0.7, 0.7088607594936709, 0.7051282051282052, 0.7142857142857143, 0.7236842105263158, 0.72, 0.7297297297297297, 0.726027397260274, 0.7222222222222222, 0.7323943661971831, 0.7285714285714285, 0.7246376811594203, 0.7352941176470589, 0.7313432835820896, 0.7424242424242424, 0.7384615384615385, 0.734375, 0.7301587301587301, 0.7258064516129032, 0.7377049180327869, 0.75, 0.7627118644067796, 0.7586206896551724, 0.7719298245614035, 0.7678571428571429, 0.7636363636363637, 0.7777777777777778, 0.7735849056603774, 0.7884615384615384, 0.803921568627451, 0.8, 0.7916666666666666, 0.7872340425531915, 0.8043478260869565, 0.8, 0.8181818181818182, 0.813953488372093, 0.8095238095238095, 0.8048780487804879, 0.8157894736842105, 0.8108108108108109, 0.8285714285714286, 0.8333333333333334, 0.8275862068965517, 0.8214285714285714, 0.8148148148148148, 0.8076923076923077, 0.8, 0.7727272727272727, 0.7619047619047619, 0.75, 0.75, 0.7333333333333333, 0.7142857142857143, 0.6923076923076923, 0.6666666666666666, 0.6363636363636364, 0.6666666666666666, 0.625, 0.5714285714285714, 0.5, 0.6, 0.5, 0.3333333333333333, 0.5, 0.0, 1.0], "recall": [1.0, 0.9855072463768116, 0.9710144927536232, 0.9710144927536232, 0.9565217391304348, 0.9420289855072463, 0.9420289855072463, 0.9420289855072463, 0.927536231884058, 0.9130434782608695, 0.8985507246376812, 0.8840579710144928, 0.8695652173913043, 0.855072463768116, 0.855072463768116, 0.8405797101449275, 0.8260869565217391, 0.8260869565217391, 0.8115942028985508, 0.8115942028985508, 0.7971014492753623, 0.7971014492753623, 0.7971014492753623, 0.782608695652174, 0.782608695652174, 0.7681159420289855, 0.7536231884057971, 0.7536231884057971, 0.7391304347826086, 0.7246376811594203, 0.7246376811594203, 0.7101449275362319, 0.7101449275362319, 0.6956521739130435, 0.6811594202898551, 0.6666666666666666, 0.6521739130434783, 0.6521739130434783, 0.6521739130434783, 0.6521739130434783, 0.6376811594202898, 0.6376811594202898, 0.6231884057971014, 0.6086956521739131, 0.6086956521739131, 0.5942028985507246, 0.5942028985507246, 0.5942028985507246, 0.5797101449275363, 0.5507246376811594, 0.5362318840579711, 0.5362318840579711, 0.5217391304347826, 0.5217391304347826, 0.5072463768115942, 0.4927536231884058, 0.4782608695652174, 0.4492753623188406, 0.43478260869565216, 0.42028985507246375, 0.36231884057971014, 0.34782608695652173, 0.3333333333333333, 0.3188405797101449, 0.30434782608695654, 0.2898550724637681, 0.2463768115942029, 0.2318840579710145, 0.21739130434782608, 0.17391304347826086, 0.15942028985507245, 0.14492753623188406, 0.13043478260869565, 0.11594202898550725, 0.10144927536231885, 0.08695652173913043, 0.07246376811594203, 0.057971014492753624, 0.043478260869565216, 0.043478260869565216, 0.028985507246376812, 0.014492753623188406, 0.014492753623188406, 0.0, 0.0], "thresholds": [0.603320300579071, 0.6140541434288025, 0.6315414905548096, 0.6607449650764465, 0.6649819612503052, 0.6668603420257568, 0.670455276966095, 0.6754909157752991, 0.6763355135917664, 0.6785881519317627, 0.6797575950622559, 0.6813359260559082, 0.6843209862709045, 0.6879560351371765, 0.6883420944213867, 0.6883540749549866, 0.6895366907119751, 0.6896617412567139, 0.690321683883667, 0.6912213563919067, 0.6925325989723206, 0.6934421062469482, 0.6997184157371521, 0.7066678404808044, 0.7078857421875, 0.7119295001029968, 0.713056206703186, 0.71343994140625, 0.716032087802887, 0.718874990940094, 0.7199764251708984, 0.7217156887054443, 0.721788763999939, 0.721790611743927, 0.7230041027069092, 0.7247724533081055, 0.728040874004364, 0.72954922914505, 0.7308623790740967, 0.7322458028793335, 0.7350896000862122, 0.7356539964675903, 0.7382797002792358, 0.7389811873435974, 0.7473113536834717, 0.75057053565979, 0.7560092210769653, 0.7564553022384644, 0.7612948417663574, 0.7624099850654602, 0.7657345533370972, 0.7667986750602722, 0.7670265436172485, 0.7688718438148499, 0.7709636688232422, 0.7752571105957031, 0.7754428386688232, 0.7754836082458496, 0.7756545543670654, 0.7757141590118408, 0.7772808074951172, 0.7772836685180664, 0.7778044939041138, 0.7787014245986938, 0.7801001667976379, 0.7811775803565979, 0.7822701334953308, 0.7848654389381409, 0.7864840030670166, 0.7868456840515137, 0.7876406908035278, 0.7885094285011292, 0.7889131903648376, 0.7895128726959229, 0.7915602326393127, 0.7925745844841003, 0.7962652444839478, 0.7964497208595276, 0.7991520762443542, 0.8000119924545288, 0.8066824674606323, 0.8132020235061646, 0.8143731951713562, 0.8424544334411621]}, "1": {"precision": [0.2261904761904762, 0.21686746987951808, 0.2073170731707317, 0.20987654320987653, 0.2125, 0.21518987341772153, 0.20512820512820512, 0.2077922077922078, 0.21052631578947367, 0.21333333333333335, 0.20270270270270271, 0.2054794520547945, 0.20833333333333334, 0.2, 0.18840579710144928, 0.19117647058823528, 0.19402985074626866, 0.19696969696969696, 0.1935483870967742, 0.18032786885245902, 0.18333333333333332, 0.19298245614035087, 0.19642857142857142, 0.21568627450980393, 0.22, 0.20408163265306123, 0.20833333333333334, 0.2127659574468085, 0.1956521739130435, 0.2, 0.20454545454545456, 0.18604651162790697, 0.16666666666666666, 0.17073170731707318, 0.175, 0.1794871794871795, 0.18421052631578946, 0.1891891891891892, 0.19444444444444445, 0.2, 0.20588235294117646, 0.21212121212121213, 0.1875, 0.1935483870967742, 0.2, 0.1724137931034483, 0.17857142857142858, 0.18518518518518517, 0.19230769230769232, 0.2, 0.16666666666666666, 0.17391304347826086, 0.18181818181818182, 0.19047619047619047, 0.2, 0.15789473684210525, 0.16666666666666666, 0.11764705882352941, 0.125, 0.13333333333333333, 0.14285714285714285, 0.15384615384615385, 0.08333333333333333, 0.0, 0.0, 0.0, 0.0, 0.0, 0.0, 0.0, 0.0, 0.0, 0.0, 1.0],